,txt_path,random,blind,interest,welfare,exclusion,id
0,"/input/TXTs/Viviam OS, 2015.txt",0.9999972581863403,0.1104566752910614,0.9999847412109375,0.9862149357795715,0.08517365157604218,240647
1,"/input/TXTs/Lei Y, 2015.txt",2.6080302632180974e-05,6.65691516132938e-07,1.0,0.969963014125824,0.0266355462372303,175949
2,"/input/TXTs/Magdy MA, 2015.txt",6.743412814103067e-05,1.3008262556013506e-07,0.9997153878211975,0.9872004985809326,0.029457705095410347,174906
3,"/input/TXTs/Minwoo A, 2015.txt",0.999997615814209,1.4352553080243524e-05,0.4943656027317047,0.9911378026008606,0.021274801343679428,62522
